input_one,input_two
hello,hello
hello,hullo
ss4d,ivu2t011
iwd3q3yyhj97,29scmukq5z
aznpovres1vr,7jp7rsa
38syzp,f54ez
jo9txz2oh3,af5827mhyq1
u63l7dy2sq,884rcjrd0
qaau7c2iw,18ywf
u74y7tre,vykpfe2vsof3
8oc4x78ar,yq6
u2fspmvyco,h7bt4q1gz5
h56ex,gjt5nggq93k
sqssj,dhadqlt4
mfuut,dzu
uuye2dpdcm2x,dlvc7f
a56j8ci,ldu9
2vxw7lhq,95y5y7o8
0pazk82e,1l6
hc9febsv9kp,eon1x1gb
ojfajrjl7v4,tx8sjw1lxa9
8y576o98i3,mhm
36ylforam8,sobgktjzd6t
u8n8sxfsd0mj,bv2fktm
9w4x7m115,tzblfb
yz14,cktvidld4cj
m6es3yq,vc2d
jxgpul6xrl,hq571m3
hpu0plej5jtj,lf1juwotl
d1ryw41sp,xcogjzeu
324ra1wx7l22,swnug19f9
vgluzyudjp,g0996x
mvj54bra,3j1hj4oh
50x,st49w49vr
g95gj85s,ndvhqhss
2j5ru4l9owt,ft90e3
25kk3f8yegy1,yow
ks5dyo6fsqc,m4z
1fg3pp3,gi8hf9pp
8wp8vd60,eczwfg
68ptf6wj0,orqjm9
u8qv,v7ylj
qt23,83kcbsqd22
ra6eddtj80,cve86zlql6yo
prvp1vvra8n,bqfisjp0
vs8,enhcgodd
9ib1gjnj7,bzwzeqym5
wb74gxrkgc,hkxqj50gwvi
mtq,iandygiusmk
dm0e7,523ryylrea
8rpusm0vx,inik
g0ab7gqdx1f8,7rcasf7av8nw
eil348pp7k,qwq43dth9k99
fdnvxo,wkt8ym7i
bwhgpuqnrcl,bvmko9w
kx8s3mohppw,642un55bigw
pgbddhevw9,wol6d
xqox,3g24mgdi
867t91eaq5,crqmdbgxjt
d8afvl,1pdi7c5c1
pwui3ss,jtjqo4jz
f3ljdvahvz08,emxwvy9591
lnam022aob,azttb1pn68jh
ibn,5wqy
wbe5izcd295,zbp4015ony2
ofx9fo,bqu
wfa2deg8qw,hf2k5gnm84
udt,gjku3ciu
ftyov,qg17r
wk9t9m7zr77f,q68zh
83cl,k8z37kp
7a9hwl,j94ytw
4ur,yycx5h7t
2t1w52p7bvr,5re658ji
kh8ab8,rg68eh
g1k3uho45v0u,zr19i50
dhjcgzil,o4bj85kdb42
15s0peye,b5il
8jyakg71k919,ctjjaodn
0abazwwar1v,d1h
r8bqhl9ryydp,z46li
abs8,bkwa
fhp,dpd6gv6
pbz2,15qam
0vwh4c5gr4,9ydpn5ev5v69
qmj,6co83dr2s
qj0ee669,zni99of3u942
s67zl,wak
s8ya52wnn,5xtsy
klqt3i0f5n,n00
s3fqzx,eyvwgg8oqa
t9yo6,hhr154
h7n,bz2p
071cxg6jin,ptb5
adjdchwag,ad4a9ej6vje
ku4ehs0ci20,6egh3s
r62qokakg,4slyj1
4czw6wrjw,ob37qii
mko,8aomjhhq
n4qa1vkk3k35,qapi4
oyams,7mokcugx6
ggutpui6zrea,uvryb13ga
7w28fwjgrf,z03
h41j7nh,wez6qfk
41kp29oe,mgtvbh
epopv,9f4h
gu0rna,8e0w
grgnl,ugdzhlp2z6ja
kw1o,3u84
l1bqjsekeah,i2nb1bz
s6v327,p7acu83z87
cdmr0iw,ecymu04v4
xw6c,vl52grixx1u
s6kj,k6sljvbnn
011gj9p9,2phbmcn2a
fxxtelhcw67h,bjqny2s
ca04js36i,9j93wl7dj3y3
9dcq1nt,7fyzoc596
sjm,ylt3y
2pcrsrju81,evt6mroan8kt
ctrmc6jks,cqs7ok3fcd
whlml,b3q92
rde7n6g,w09gq85k
h4eu,rsgo129
lqed8je91t,6ri0
52k3uog,f85hekh
d26hswz8,2k1k2lto4q9n
3zwo6,cy2
o39mi607g,3bzf4
0kam8wia4,bc3lnl1z
ssi7go,mwbvgi2
2m3zap,6e3
iluijrlm,v6l70mw0
68db0,zdguhxqf6sls
l192t14re,muu
ryq0q,aabnfqej
fkiw1je,kyrojyg8
fc9m,o0m8fony
70tu,ghfvb8rvidm
bon,rn67v7ipu
0zzg,keo9u8ngyi
jqd9rxhgky,i8o3a3ko
es3hrgbly6l,ehdy
qzkzx9xdi1,m25
nw0ylp1eob,8fxgo
vhqp6,vcnx1cjuds
wv37qy7,qv5
mxaje,2l47b3f
78kv695k8mdp,r7tphdvb
t6930rb8vu,yvo
zkgx2,atsrmjyex
efx7w91,d5p3jkt3
otv2n,7dzp
6jeil,grqh
b5v,3907nltt
ade,hb7h
29r6c6rp5,8z37gym3
otd2lh,p3a9
gwznp,falm
ztl3r0bjnpe6,meuhxd
x4gh2mx,stxrn23hu
d8gkv9k95i2,lrqd7t36
0uu6o84l,b4n95dcesy
jdlog54d4y8,065tkmwz
wrsg3wh,659h
7cwdaa3rj2xb,541kzcs
m0cdvnfb,xojahb
knkrqmilfy,zc9a4lira
mhv,9dde
1gkluuu1jf,zx2d
axfjjweplhbn,o8h
02w63xz,umdupie0rq9z
lnyvb1i7,kjhf6qmrq8
2mkhduj,zcgj0qd
xtm4w,wc45knpfo8m
dbd2xeq3az,o70bi
xxmslerpl,t5ker2nby1jo
h50,znyir
cbjjesrn,x27001lgl9
7g5whbmxp9ae,rm5cof
0dk6zzy,20u4lum
f8m6tl1,pwewudygs
60z1761hi,9ui2oo0zt
pei,7ul
ozes0e7x,cr1da
uble0,fixgkaa
rkk,yta8cvjq
d5m00dl7fkc,g2q1al
u2kyjt8w,celym8tqyuj
b2ruzot9x,58np0ab
swvvdamovt,omt7zcm
shq9he,foiqxta
336,6ody
n9j38zv,h3ro
jeb04rcff42,4g9wsw
qi2j0brljt9,w97rwg3fu
6rb7,bzr84r
pphj,wta7hy5aalcq
wtzpcc,fyrggbdr
pnggfzw,sq4gs46
jyp0b846,020xh7j5
lhjfi1ge,9k8
jfdkl,ogx8tfw0s6hr
bcgfgsvb2hj,pxfu1mat
pbtmitiu,a2dp68l
apxnok,sz6d4
2jc9n7n,fsz
i2116u,e1mxpg5h
8mwk,luvr
pqhatwjfzkj,m9rl
f79,h0dd3fmc0
if8xigz2o3,7olt6c20zil
479,9jxmrs9r6p
ni8jua0uh1,zxxp25kj4h
khabv,544r9mrxf7ec
9gahb7,n9c1zpvdm
23hlgk,s7gd62qrd
yk8f8,b6124828s5
sei7,285
i73lukxf8hj,ipczlz2xwjkc
yzcwaziryeq,wxkn36injn5
17749,plw
e539ttl5l,jte
yl76t7g6t,51iigp4
fg0,bfwuc
sbkda1q,svrvf5ca75
emty,3oz6x5lyct
ebzpz,iktmtau2
cb5h4f,v9ew1gu
o55gq94t,uatxf0h1jh
wsg7ed1,p5p
mbih4,7jyfbv91
zwkdu7c,28l
rcd,qmzu
juf,mxxo
o90c0i1,8kw0
lzwpg,wmt42y17pk0
xnrnk0n,5gyrq7mm
zqgqm2u8f4p5,ez1msq37si
mihe3l,47geuryq
m5nnqgymze,ss54cencf
g0h5drtkzn31,btgrvvd0uwcg
hwi1hnqqoxze,bng0ikm3y1ba
e1b47,3ajqzr
534fvhccoag,a6mop
jrwrsmo2ebb,l3qpy0pv
d7aq,lgofk07o
hbtrtbr,spoau1xr
h38izs1,la8rfv9g3
5hlrbhm,ss6a
wc7,f8ba
y7easke8,foiz83
1cvt7r,reop
yg1nbdxjc,2r35ydenxf
6vo1ix886,eua7p
ujcgmj4qye,cmp3a
94dab4,h18iwnrq
29ttlr5,3v2bxk4
zit9v08ppkp9,cj6xz
wbv8pqsfl02,e53hxj575r
ivg,6ed9o
gp7v0nt,axcw8e0srl
1j0s90wfmxq,puw2
0hz4yyy0,0ws
yr2dtzbgfewj,1bozx3jv
4ezm9jvh,ia2h386
pyzqnv,wqzeh
eb63mnjw,jdls5
lu1rmqg24ykq,s6ec
dybyey,we6o
26q0mgx,qkjlspc
o1vqd5k959cb,sdeku3n
xvd,3egmcit8bb
t9ksc,ysmovmr9
4cr,xjz5x
nmknx93l,k4oenkrf
60mdb62,vscd5we6eu
s112dtu81gk1,o8ab7cwutlaw
fueo27jb,ljy
mt5yh5,xb8lj2
eodcyd,a4rq77
sd4jr85bry3,z0empom
ckhekxch0jq,2hf
6sw8f8wl4gey,c2xwu0
0aqn6q9hj6ry,4be4d123w0iw
d1k7gi,9ja3r
xd5p2bv3p8u,4b6bc26tr
okyxc,i6x6m
17ntvehnd,ha8nhfzrbuqv
9tp7,0mz8bqjt1l
87ig7nz9nnpm,je1cumgl48z
13c99,uv823jhq
gs1irfg,ahfryx
3z60640gbs,6rda2o
tn1ge,n0oe
9b1u4jat8ac,jxxu3aas
e9kfj,8uh
gmmt,xzs
76rrp,edam5a9iav5
bwh,3bdzyy6
n83qi6,nesqqn4atld4
6yp80l9r,285
1fgwwsn1gcvo,f0u6if4c
b2q2d,im0zsudh9f
6w03r,c4b
6tfvpn,pws5
o98,3svh5ib8o9
14b2skimfx,ld7hspe
rftayp,o6bot5p
jiy5yh6,2xa
qavj,srqwbpsdr
ib5uxcll,or1jsbcp
nk82eo0,y74w5c
c8f4nn94,vouh
73e6icpd,7wh
joeh,koo9cvg1
54bs4gu03n,upipwj
602bbtk2e,snsy19ww3owq
403bk,83wm4b89mw
18f,mjvkge
g88y3meq,nz93a
h7etbke,rh9glq5e
4ojsnhiy,6aesx57d1
g3ubwe1oxa,399c9dmetg28
aphrmp8wti1,h6ndrzr47hmf
jxtvvmtk,g1c9v
ffmz6iq449,bczxpbl
muz1yp5,hlitqnbi4db
zxno37hp3a6,b687e1m6a
1n1epamy08,n0jbmhx
c8x0hq28ku,sd4ddse
gtpilhh,7nrqyasg4c3
i5zgfv,ebpqgxu2giqp
4vhie,jggdurgl
gg9qvon,2aaops50y28e
9ywvs2w5dus,krvb
1aqi,2q3wl6oe6t1
xhpn,wn0s6k2
x5041901,qwhelyvly6
unk18oq2y0g,kiuf1dzeve
yx1g9jdfm,jr0tnatt
l64,ehoifoqi
cduw,vp3rc
mp7tii9hpy97,28823f
jqcekz8bkfzo,fgos
3dqhp5,hjoe3j8z1
d96z,0d14
szjds,dkogwox5mmz
7qvp,w98z4etkslbi
xi7ykpy,wni479cj
ld0ji1c,8vsrx5uu6
wna,xbox
t36spn,5ehgwuh0pkrz
ylsu,8qie
9xbniwr,fpeah
1g5vm7gt4knm,6thlxtnei
077pt,mbbfmmrk38r
r1ojc1,bevcsgg9v
wigyzj,dt4
xpcbxn5r,n1rrdt5k95m
jrygaojyt,i8d1z1
rcf,dpz
nd1n930,z9klm
3gow7jcu83y,b4offcl3n
4q1vw,qh2chjkij7lt
4x3fy,4qfyz7tku
exi4x,adfto8zx
1ze6dtv5mv,m3vc8qngaheq
4b6b001xpa,6l8fyx4
dpstx,xi2dg1
ksa3n,vkfpfbgtvcm7
xctz1l,65zxm
2pve2plgx,sr1dk0qi
mtpv2z40td,dqa3j
5efr3,yj8jp7
exaw6ib4sw,mbtl
v7mmzp0g,awzr3qmckgj5
vixvv,965kqux
n3h33t,9hldiw
5u1d7hw4,6gc9xiige
53ha,nnlllb8w8u
zyofnx5f55u,ai8cd
dkm,vcpx8151
0c4v2jc,ynlwpzl4wjh
x20,ka5fl
gur9oqx1,kbzx5nyc7j
3c9x,fpipg
nkn4aoyhz,rj2khsp
03vkfg9cy,vzapgkbfg5q
o1m7ykkkvum,3q0
gsk21f26bjr,4i8
nwwh,k0cs
qposy,m6tqd
45uixiqxstd2,kjsxvtisovzp
p3dtjzcm,urlbux
ytx,h95o
g78ub4z8ajw,6p0z20onk00
gffa,qan73hzjmw0
f9ppyr8vjo,yqierahl
x2rbfyjv2n07,8ur28
624h,on1
tmv2nt,pe24
nu8wyqa3,amwn
n02nfo,w3n8jr
9v7awk9,9gay4n
dx28xse38,rauv85
usq2lmc3,vkpkfa24shq
i9zs0k,8kjd
4sfqtcfgqujo,621iyn36m1i
h0ew9y5lx8q,xwyk79xe
8lqy7z68cq,ip6dd0md
tbm8l2,oxknjm
0e042sn96my3,75i9jxe
cvvz,4g1z
3zih8,rh62579
dtc,vz84n1ba
kh2ignt3,0owen
dbivwe6y1y7r,vr4spez4ofup
g0h0yjoj,qqgq
8oa41,ne7
v7v7qh,x9vp8ny
gc01er3715w,8oe3puzkoucr
eigqgwyzb,rgta
ji0t61o4,mq1a
6ompf4f8,nyr
0qvqbisoq,admtlo5
fjym1qj5,2he3ckbxpj6b
9edi4wxgp08h,5n9oi0erjf0
2fyyz38jzb,kxznci
4ie0cq,3w59h
ryupk1zmhgjf,c4g68aom4
6ih5a41nsev,b9ojj5
hfdq6jwf,wmnco4i
2inadpno6j,3htz9bjo0tjw
1h2rx8txy48,19iokmvj
yqyqdf7t6s,iclshuer
n8yn94d,mee4we
luwp,m33fv8b07jem
4x81br0l0,lkp3gt
mpwljtfxbc,a986awhxfyq
tnl4pb0yc5,3ub
rcxm5,9w5j8qy2ezg
cip9d2,lwunh3d5n9
g015o2l09y,h7s5
iwwsdk1t,qczxa3sytb
qs0x92mr,2jrfikq53ywk
eqqvcj,3rgt7d5
zwk2nfoygr,t2n10439yd
d1f0pv7o9,s3sz2iovgw92
5yzxzwgileo3,akgt1nc
0tmet4a,9vfm8x3ufdh
msfzw8rf3h,ay9m01zr
pp14,1vvx2qps
ypv56,q4h
bj12f7hb61dr,l8hkbh
mcywnnz366,ycr4uhrpvx
kargcuzyu6nh,i377050z
1sgm9k3lqqyq,v7bywv8dt1
ii5vane5ww,3i2573y66et
olaws,zkwpa0pu9lp
ybpo7,b42hh2x1m
1zut06cp0g,ity7v
9jd1,vtr
gwahqvp,e6mizakg4bp
t7vc7j1otq,biq9ceya
gl8g89,ac4s8d
tbmkd3,ibbpguh
6ji7o1skfzz,v80a9pfod
78z,ua3algd
j05j0cidkeae,m4t
zqyooy9yycro,wvx5a2v14vm
jzrj0422rs,lzeqct9ovfrs
ejk,ksd
dnbzw,8brsck0f497
bc9x88k,dqwmor41ui8x
ckg2h1,7l9oivqxd
e52zb0rh3m6,j3os0n
j6t09m,b22powuomz
3hjwhmbw,9l8z2zqgm5qi
tz0nku8g,cosclmyzygw
vlbyb,g9cin
cqblh,8fi2rf
1fdot,2q3byuxb84b
0lfgngpfy,hxj
3zrvip,fa5d89
p04hnphw,4xt1c4hf1i
m44pfdnd9n,zx3ga1n5p
f02z9yta9,0mmh
xy2c1,2f1
rkri2v1nj,2rt7dm0e
kf2c,k18mj096
nqqie5qbg27y,ygvocauc
xac,4wt09
izpwwj,j1c25a6
u5j9fpahd2d,ew4pj
vxg9j6,47t69
7l8q1jzen9su,i6r223qofh
84pja7d1mf,6hp
29mtcdw5txfz,kyx4
m3gb8xdmliy,qeln3i3b
tda7x,8fyusa
qrs0id,darq
o59js0a,8k9f2e2
mlwih4zq,t1qx
xuz74emdhvs,9is5nfz3f8x
16sb65b5w,4wzm4y
dm9mouysz8,e56ggjmvjsu9
38s,fndfmp6tz2c
l034nuiw,1y37
mbq8qcya,aedm
8wpk5i93,bihsl4vq0qyv
8q47h2tj27y,86swht
8fjpul4,6g460
ah0jxljs1i9,3eok
uuq,6gvcu64t
xx1s,r42ngnki4
gmp6zf,idrwa4o
pop5jdgtxue,y22v00ni1
kw2jfhb,6gcugrwgt
3ue3km727,wy29x
7p3hhj7t2pni,l11ioe
341rr,vtl8zc4t9np
jes,c98hsn2dwlm
hno0xxqw5bwf,eci
m1kxijb6f,ladi
bz45b10obo,2yyzru
1g6yn4jhfdf,u7ba0lhwh0w2
thaot7l72m8z,pr8c
0bu9,z7nho98ls
1ox6a5f,0ge8thf
50v3nq8p6uek,7h598cgq4q
yg2,z1z5v63iq
0kbc7r,zt0
0xg7ahir5rzy,101aqi
9okmbsaf,07dv2qm
y2b41f,rfumlhq24sy
o9v,oa5f
hg8wy1wb4h,rmory41nk
lrq9d,r040pf5pzl
f5idz,5nr48nqa
s3ncme6j,cdvw53kmxb
ff7x0,rf8h5b
l4m6xxry35,usmpsuoup1q
a0aa,5r1u0q54u2s
3n6wv9cu7,3yz
cvl1db,xez2
3rv,qs06isdo
vzfo3h77iw6,m54rh7
4r60t7i,8v99w6
p04t8qms,tfn28
lelfkot9naiv,pfoah8ogxwn
5ht3dwbyc0,zkvyd
y3f0o1nd6zj0,pyv61ywqj3ia
m8xv8g3,uehwt
qgs2,6c1r7y
vuvoiueglj2,1gzb
bxp1,4w7q8npv3t1
91vupkzu153,uugno300w6c
318q8z8,wh6zsmwq
bt44r10pz,67h7btwbes
3gam2ia0ot0,i4x2
3uvnqvkf1hp8,ld3uoqu6zmv
lw0yl2wqfb,ie57ex
xarjckv2r,zgv
7ewb8p69,up9u0h
5yc3g7m0i,cjajftfjusmu
q3op,exe1ro
yzse6t,n9hhl30x4
cpoqvbw2uw4e,zvf
4v49zfa9,er0oqzz6
jdjfv5sdf,o56xb6ycods
ynlatc0,h2suadi8
6sciodj,60k
9ze1r1uxrx,effjk4h5
hm21lq,x0kp4
lxaj,megaei4qvp4
128xhlfvkn,8999cb
ub6h,5ncr2cqa3v
3rjxcksg0,d7km4
3y2yjz,xe8mg
27oejc,jyr3f58y
6ij6ksm8ats,sbie3tchf
s3palcg,wvctgdpnv4x
fqfqiq4e,eug
xhu57s,n8eurmzem
iukw2,u73ww1jb2
5pqrc2x,mjpwhqo
ykgk,6ln8n0lgomu
wm25s8iol0r,plht
0bfxor,kz410i34f
pvpnvy3s,vb0pd1v1
kzd,pekzh5i
yfed9epvi,v5mj
rnslaf9y32,f8m8w6iu1do
hzk,skbsvw
k7udini50dy,nmoio6
ipjhxn48r,ymf
6y24rybm7,exss24
7p2urm,awjqj
kj2lvp,0kibw21o
0ojoocm,6shq
bfjei,ngahc
cq7o,4l5lem8lz
1stygihzxu,45ecg65k9s
15jg,00o9y22x
pi5yy,jsizic41x75k
h1pclv,tdsk6p
2p2vn8,yeba
clsdbsuck2,qhmx1p
kpxx59553twz,lrw1yng
jlx0cz7,2rqpoidkesw
0ftsvc0dvy9f,r5qbu
kxkqor5r,gfd5
dl6pkbb,yqs24h
qrz97,pafdu3q
rwz,nn2jv
tec5angwrx1y,w7mx6hh
uj5k6q9bqt,h1j6yc
fgizrksexm,gbv
9tq7,ek9kp
ljz,xnmf3udgshy
qvo5rndsa,mwa6
873cf,rml3
m7a5f,covxzoa
99d5p2cy,x878v
n2ddwkm7,5aw6vnv8vx
b0wfu4dn5vtv,gbh41apetj9
jam7l6,0unae2x6tmhm
w34,zzqk18qph
g17vlb9oeqp4,sdpry3q
kcdycibguwkk,8ply
pvyl11,5atf2rvc
fh4n5v0vvmx,al7dno7l4h
2bmoqpv6l,dcco1hnvii
dn9tb7mhiq,vuvd4ozhy9
4h8p5xoer8,ivasanc3djjg
zoo,ipugi
3q1ihu9iin,06ncg3zsw6
skv6w,jsbp7ncrvv
t4yb7i,055mxmxp
34fof64do,48kzl1h
00as8qrxe,sjob0x9m79t
qvkjgdpcko0,huvla3sn
z1jkp,f7wfhss9rn
fop1gu100,a8azktfm3
zsxua5efs9p0,xfn
ty9t2xnb8ilc,7wobp4p5095
dsigowaba,yxob6jdnlglj
g693u13pysx,dw1s8y
jlx6v4,gomhea8kr5bx
qfc3qez0332,l8xdizxrspi4
4ilt,i77689u4sdb6
dijdh6ja,dv35nxc9e
f2mrfittk,drqjkzyg
6opvyy85px8g,s77
ct7,4j90
1ihg,zuj4eqlan
uqn2r3y,o84fum
iowgfyrabb,5p4sw29dn
440ib62bk2ui,9oyel
xj0fzumr9,1rerklx8bq8
r9uz3l4,wvy7sonqea
xwrw2tgg,fbd96xp958v
klxy2,gqipsqt
9lunln,c2e7v8qbxne
ilbk,gbg9e2hi
uy0pcr,8htvcx
o1yxva,fdmwfsixf
agqox,rymbi59
gxed2ywx,umz
ryel2ei6dimp,u8f
v2hpwk,0kudykoub84q
39jou,d8bvk
k7c2a1n,zh3umv9g
a8evwiie5y,wq1o
pqpf3zo1,vfjee
9fk05,naj6rxbt
rh9k4nd,6ykcp0zdii7c
ed6,lhl1s5q0qczs
nclwaq7vmox,7yxk
4xerzjf,7e5
fbguleni,wcmc5t5pbx
nhrv8,jounfwa1
m09cgvak,3myb
9x5ru6,yzi
cu16,39g
fjetdg,cqzhkqayz7iy
fz3,jvcuur8
zyu2uzf,jybnjlfsru5
ygcer4x8ptvm,5y1bq
xoy6gjm9k3u,o661jmm
ze820m2p0,fywfjo
zazu6dcsqjh,tmudgmbx
n8p8,7vnrf2eyr2sa
8ntcjph6pv,gql7m
lc3db6j7jb,2wt
19o,l8pej
eh875904r3,0cn1wetrk
3d0z8nt0eqxs,n9qh9tvjprr
0fu5m,4dd
ocns5a0rn,13jiz7bx
fsf90dxranaz,4ssjj1o2jv9f
9fc88ss8,h2a5
qyf0ve,akengj6ykty
vw35g,6wwy
gxzibm,ytfijkcrqh66
7zv2186gi,hdyek
lrpswvt,l65lm
snuy,im0xmed3
cqf9uzrn,tqnpd
fdp24d19oeml,lgd
vpk6o,yxl
63hnbb80y,elq33
6qhj1zh,1eqne0f7
k85eq1pi,wggw
l9an,jolhke1oxp83
kgk4fcabtjf,82eevfi
q9vq28bau,8u4yz
naas0o6,ofme30
1gozd97gxu,f6ei
7qrnq,05xbaadf88eg
tpu,zn2qfweeq
yxtwn,6fzncb
6pee,ibgj0ec
lf0zg,4prb4c6
dqgmqebh7aj,p0f9mp4yym
wo57wh,1dal
nrz8mn,gtv5
ix37une,uqnhlq1m
qokojtifwei,nkon3sn
ie8h,5eqdvr37yh
cjd104pjiz,brpevgi4r
ccya,da5
m86hm3k6t,k29d18pckk
bx4ur8htv3,nkqvjp
7h4,iyhxy8dwfr9
17erb8h36,2ien
t6d33vlzmflo,mds57vjd
zmsfqhjx2rt,3biqk6til
ip2g0qxk6qg,4cl9oxf
53ij9g,d1owye
2y6yb,7vs1a
0tye65dx,itd7wfvi46iy
k0u654,ehabgilbz3r
6zpjv9e,zz77vcbh
4e9e2j,pv7jbsh
uruc7cx6,88irzm8pbyda
dnw4awzlt,04lprd
4dxw,3ma
f4g7z,aap6p5d1bedu
drr,b9hxs
b5k36n7g,iaribxx
59wxe,kiu4c0kj
97rv,axp7aie
iwnax0uo,xb1azynxim
4n9,eol0tg
x4yz5587j,2tcfljj
v0nmrlhl2fuu,u48s
poil2tpbc,zoxh
ufmbuq,5c4uv4w1i
nmmh0v4p1c95,vndsx1u
8xbp01ol,9cciwna2089k
o7ktc8e,850r
q1h,ie6y85mcrpej
8pdc8u,glnq9dr
017wix,qzryz3n
q0c7,nduvvgn
ttvtm8xcb,izlbhd
nrsx,i2vgxevuo
6vmujl63,lr91tgbh
b9uv,nxznql6lcfaa
240f1w,dlkk1f6dfs5
s0fass,aolbz73e
f3ow55j9h2,sescifeow2
9d00c,epbi2bu9v
is0me8igdzoq,aoe00qjdj50i
v5mka,yh5
hr7akvvn2adf,7ajs1nkcxwc
qh5d,8jl7mf
0wnw0,fzhkkhb
j9f59ja2ppqb,pxam62eetgi0
1iyaurbb,8oip
0raaomx4lu,n5lshn
e66,cqiw
xk7,9tlk7sw6pq
d932y2sbxg,mwlomo45
ww1bl,6ige2k
13k0f1,0s3le
2gu5,c5thjxpvu0cu
s1h,ngrzts0d7gk
bvku0ec,7uevlg5
0fj,4x1kjpu
6cd,1iznrv
gz5vo64q9xgn,ebhzto77r5oi
6n1ate0,u3t
xzbrev8,q4vg8d
54j,avq9
kus,sp31yngkkw
a1whez,mc5cabum1mjg
k27heykx,tb7be0dms
1z9umkfbem9,x93bfauco
scp0fhi,r9ep42
kilqqq,gt202h0c68c
0g44bo,yukn
ofbpw03h,sd921d
tj8a7mmp,lff9l
jajsv,82jmuiv
5xvl8m,u5557aasoea6
y1xx,mglsj
fct,wrx7uveg
hcjawrg,2onvoi33
wh4,j84c1m9oviv
0w16sw,91tcg68lspl
j62a29as,heylfq8y
n02o3kbbgm,o6443rshajh
9k8lb5,exol1edkns
zsuom,nacmc
39gf,hvt
ygmb,2kqnc
t75ken9s2dm,16dzaatus
mai54mxi,4hsn186774l
79gobo1sbr76,jtj6d1x
wsw5,zzcyg
r9w04m,gls43p0
vtreh485,mc5twbbz2pwx
uv8jiame,5vs
veule,caymi
em3r7cp,u9i692mg
5u2a2,ev7f
11bkgzgz,jq5lszr0s
txd4wzpj4g1,elz7p6ouw
pk41543t873d,xw4g6u0
jv1lud8,2tmn
s5if1w852a6t,p4ymaelfre1
w10f,rsl8yb65ts6
2vgkjzbhjj,kf4e
3xx8ovtcds7n,6gek
kk214b89l,zuxjvsq
8fqx561,0iuj8sh
zbb2e2g286dy,1kj2lnk86
dny6,6prc2vpn
y6iq8bke,6ip5
habo,na0qpcfwnw
62y,vbs
fgojwc,6lgsud1a4p
jg0nc,lyks7
6ts3xz3bjok5,6adg
qp4blq,axd
hw07hd728j3,u4zxuvw
64v9u,cb9grp
nhssd7sm7,50ysver0r2i0
pfrafm,pj37fvw8vk7
74afla9f2,irb
mk6mx5pl,v5383sfs2
dpke2qkq7lc,fi4f70bm0ge
3d8,7n9l44n
5iv5akod,tga6v3
fm9fzej,ym0
aez3,qqzw1oqz7p7
37mldvdc,v4ze50jg0
9gabbh,nlqrverycmd
garhk8k,82ttrpipbu
hqaehj8jba,ykh9zfhusbn
uyn,d4znh49fs
ytl,npf
4nc9l9,9aci2
agnr21v8e,zzmbifzelr7
3ba9qqxl,ovm6qxckchh
5ra67oyau1dl,i3tfxaghn3
3xjt,rucahn2
m32hbo3b,99ufo
remmape,rgzr62y1y
pmma5oy3793,e49asabk0xn
xjvka,uit98wjia9s
h41uggq5xu,hkc
9289tmelexjz,j9dlkh7
6ao2b1sluyz,vgwuh12xmmdc
176l7vwz,6o65
771zqiqlicdw,vllk1k8
sl7o4isnx,tkggs1m
xsuw4,b3uxb2og8
p8h,8x9oag5
aydo07j7a1p,ic15xln5qjn
xps,7attwqtis
edknujch9b,lqzn2b
9cav9u,7pw535id
fbav9tt5i,7izscgr5q9
dtn3j,gfzfegsh30
wnjud5lm,19ykni
dvbd,ysf5g5isc69a
upf991w5g7,52nzk3me
n44lp058de,y65a0reop
5hgvq320f,ytq6x0e2pegd
di4qef5,pnib5sr
seqbl287,nk1g6l53
xtx,7yzcprmydg
1x2ad9a51tnd,mo18
7ljxxnylzmze,bm2defv
f82emh1,l773n9isl
xalas1j15,yx3cx8o9
6pmr,poy0s5kqj
57ot,2156pbdygdgs
5pqhld3wye,3fdfjp7lro
lkvj81hjg,qmkk
wav4,hzoiyf
4utmuom3xfgf,0yxfam6s
wabo0a8s,lu1vtvd
kswsi,47302yq4oi52
g837pk9ei,19w1bu66v
cbkm7,66s
jckxwg12cy,88xt9deydrw
l9bupo,ts3
e2h4j461y,uy1y7o
8i516k53sewj,8bswi
4kic1,nwmo3orjnmt
z27xc5o,a23tv9sy2l
2q1l8g7t3,ber96b
8e7t,3pvv9o
rl32kzm2p4bv,271tg3dv
wsd5sbq,rhkbomdg
5jdcf9t,fhm7e1eo
74i,8k0m2gff
3owr0aaqfds,zgcqzp
x49hg0rvsd,ip5vc0qba24
r3ye,nuq6nvna8f
by3xwv0pp38,pnt7x
qtxe,j7lma
rwomvel,55u
uo015vw,pknul2uqmrw
ex7qn6cpv8,365z4gl
k82kv9s32h,i2shd1kh7ql
dhhkd5f,ikpnm0cv97
idh9,n1n5
j8q4owt,uc8otjdai
y6h99wolwfe3,zhho77ys
q23vyefw,b6vm6t
x7h8qpdc7,6sm0
gc3my,vt1dck70
n6z,goxzy
g492s,1b4ut6
mk4r4,jggh
uyzt8yfdp,u2b8bwhhgcee
raa7sa,924kcjnlyl
lidfpij9kju,ppeiz
4tmn2czcp5t9,21m0nx
229win,8lf5oza0
4lga3sf,xhu45s1dt5wq
7q2zficq,mdswan1
ocxuza,quzcwtgbi
ajuoif8am88,x8m7sc8n1k
nrg9lk4d,3ag7nns
28gseef45mth,kt8ftpdhj
yvjau8u8vee5,ipk2
r1nddhxh44pm,uk6
t79y0ag,56hj
9moj,zsbi2k7e4x9p
km9bf,d59ttj58rju
uhdgsn0g2l3,v2k3ahvgvyne
l00na7pb31t8,pby91
ac4,nwijo
vv7,0edt
5584prb0kan,j8y
payh85u5ap,c89qakqunw7i
5uhz7yv396,j8rmqv
67hdotfh4oty,if4
3hff3qi,atr5
4n6h,ivme0v8bvt
5axcugzk7,n9q030
awtbu1e,6h8
msf5lefgz4n,dmnxtc
e17d3upxiy,l9k6e6u86u
2vpxb,ojnkttz
u1fnz41d,ys103td3cyb6
bx508b3mjnq,6rr
plh,ncxvcq
vqm295ty,od8udvydr
zpx4jm3,dyn0u7
isr7p,7gt7p
fx8hy0tqsm7j,wce
cty,1oip3b8aio
9r0qe4q0,2fmn647v
rkswdfbt,r7tdx6h25
t0wuoskm,3s31
qu4r2z9kwe,ajay79
ry6ix2it,49mlxpx7rc5g
g0i,14q6znpync
n0hmf9v6,jhh5
s9teg1u3g,3vu9hsz8
234t,km0fm
k97wsafudfi,7q1z3
j8f9zpyzo,ywqz2vt8c3m
917a,w1rs9d
paynz1wrl8,esuw4c07s9b
9pfuab7d,w3g5
feueo,sda67n4jzfo
5aj4bhwt,t95x5z7p
pxnvwpzzh,ua6us
1nehz,swyznle0ph
vhyavc,ruxpqebx9
pflqk6,i9br14ocp
